queue_id,user_id
4,41ca3458-a336-4e44-88bd-3913cd9a
5,8bf76094-23e3-4c18-b791-a07cc4d0
6,d491c393-2666-4efb-a4f4-bc4879d3
7,1bbd7ebe-73c2-4dad-bedc-5cab2aab
8,2e3dd65d-369f-4d23-bff3-fbd7df58
9,d80909d8-cfae-4f2c-a0f8-34b5f1d2
10,481f0b39-8ee0-4405-acec-6ffb9901
11,bc5a10b1-33b7-4d42-b7eb-5b35d82f
12,ef41be77-a0da-4d04-8933-d9a118d1
13,f5190cda-bc89-460a-9753-d026c638
14,1665e7cd-6100-44e0-bdf1-d01c6fb4
15,3a8375cf-f5bc-45c9-9ab4-863a67e7
16,a5d06363-f1f2-4d89-a0a6-870091a4
17,f9e0c26c-5736-4928-96db-3df2aec0
18,1ecc6861-7f04-4da6-b6d7-ed90b745
19,9d8c9eb6-abd5-4292-9ec5-e2108d30
20,a11d2d0d-714e-47cb-ba08-55bc1f72
21,0feb7769-b4c2-42db-bcdd-4c3269ee
22,33f3a4bd-0843-4244-87bd-02de8302
23,641ccd3a-7ab6-4b54-ae4a-9e3cd3af
24,6f794044-7404-4682-8e2a-85fc40d3
25,1c052622-30ee-47f9-85ab-e195b509
26,22ec792d-e7df-4491-a091-e001aae5
27,3e5cf157-6888-4b13-bbe3-3c2b2963
28,2d5a5bdc-82a2-43ff-aee8-d2cabd26
29,a0bf955d-7b36-4df8-9ca8-51251907
30,b1ba4f85-c08c-40b7-9186-320c5b6c
31,c88643dd-5f7c-45b5-8886-5095be3f
32,1475c83e-e9da-4f93-8cfe-4de08709
33,ac101e68-d9ca-479e-b21a-65b67b6d
34,fff42fb1-86c1-4893-93ca-318a535c
35,74ec4476-abf7-423c-8eaf-dab1da6a
36,763c8ca2-3f6a-43ab-bea3-1d502359
37,be20cde4-c697-43d4-8d0e-251cfae5
38,d123db46-4b1a-44cf-81c0-1d0e5973
39,3d537bc3-7bde-4ee6-86fa-cde889ba
40,4eaf8688-5e06-4625-8d9a-ee6e4706
41,b4dee3ca-54c6-4b85-bb98-d1e85009
42,b6859c1f-1928-41eb-b0c6-5d463f5f
43,7ae90862-93da-41ee-912f-886091f5
44,ae12e21e-176f-4e75-861f-3f2c81f2
45,ddcd6458-6f66-4257-9f83-af15ba8d
46,3e3a7e96-f0e0-413e-901c-3cef75b4
47,51968ca2-78b2-4acc-8fb9-980bc827
48,76c085e7-b4ea-41c9-86b9-dc045b99
49,e7e9c838-6ea8-4161-9631-59a59591
50,017e7191-4cfd-4464-8ce6-65feebdb
51,69f6161a-0ce7-41dc-a9c8-61def440
52,f895cce3-957f-4661-a157-2df8bb70
53,1c32a793-bc36-4611-a925-600d77f6
54,2dbec1eb-3f0e-4ac2-bdba-fc8bf7f4
55,7091fcfd-eb68-4179-b3bc-9abff064
56,c888a82b-fa3c-41a2-983a-124cf042
57,3799dc26-a2bf-4f49-b622-d0a207a9
58,a06d3674-ad74-4e7f-9149-ba9d3927
59,dc4d3166-909a-4fa9-b5e7-a856d31e
60,3248927d-5221-4e69-953b-a0b79e1a
61,72a882de-86f8-4de3-8f4d-f9a6089e
62,ca404832-5015-46f4-9a41-4be74734
63,fe807890-8548-43fd-bcd5-cbfe5862
64,52de8979-035a-4b99-bc72-b0d7ed5b
65,7922c6aa-8333-4d8f-b71c-684015fd
66,ed032e1b-fbd1-4f57-90be-7c1d113d
67,647e136b-2e65-40c9-800d-44739b55
68,9631d31a-f738-48a1-8c45-4b891782
69,a083afc6-ad00-40f8-9eb2-16afa14f
70,b2078263-ea7e-4578-9e1f-7851773c
71,0c896aec-e755-45f7-ad89-d26a69e7
72,7f02ca19-fe43-497f-be7c-0726b8fd
73,a9732a9f-5674-4c79-b7d2-029b5d3d
74,d5a43853-3789-43bd-a079-9249da3a
75,149f7b8a-a7e6-44fa-9fd8-bdb26c67
76,3c11eb7a-ddf3-4ce6-9d99-2e42470e
77,d34be204-ff38-4cd2-8b21-7a581c39
78,48cc6715-dafa-4871-b5a6-a8150669
79,534122e4-f7ee-40be-9768-7000a4ac
80,a218d507-4a06-4f61-b912-0371508b
81,d857b057-aeef-4469-b390-6e29cf29
82,9124f496-19ac-46b7-8b44-0aa47a7a
83,01147597-3b5d-4afe-b66b-ce843957
84,d416501f-eee7-46c4-a884-0ca0df20
85,19e74ce8-61a1-47f4-be9c-09f10a1c
86,b0f4344d-6481-4b9b-92d1-969cd6b0
87,df60b821-28ed-4244-8738-107f9cdf
88,e6efb50e-fe31-46b1-8ebb-d21ba3e9
89,76e15e6a-8e10-4709-9ecb-5991376d
90,8a3facf4-892c-43db-8e4f-1c37c415
91,aa291416-35e7-41d7-92b9-13701b7b
92,45fe9bac-bc89-468c-8980-4e8fad75
93,b8bc5f43-d2f7-4938-b9fb-aed14c45
94,c2ecc816-06db-4380-88e9-c0b58861
95,13cba745-f81e-466d-9f92-cd9121a1
96,1b3ca1ad-808b-498a-90e6-77764d1f
97,381cd033-682e-4819-9b93-374147e3
98,57c3fe31-db4c-4cb0-bc35-297f01a7
99,141110cf-7327-43c3-894f-b9626453
100,30f7aceb-b9ba-4b85-97fe-1689dc80
101,edf753e5-51ce-4faf-a608-5160aefa
102,01b6a3b5-487b-4fc7-91a3-b45313e8
103,329cbf22-27c3-4007-bbba-2b075a59
104,b6590591-93bd-4b13-a914-f3e18ec0
105,c61eeff3-e7d8-4ab5-8f58-d2063c64
106,036f6f93-dd38-4cf5-8a0b-2b7586fb
107,1bcd5ec9-7ae8-4e87-8aa6-459001bf
108,f16ec5f8-7aaf-4d09-998e-51a6bbee
109,bea95e0e-a7d3-44bd-8472-d350ba99
110,d51f3dad-a1c3-45e1-bcf5-34733951
111,f5976c2c-ca6d-4d7d-8857-ac26df2a
112,ff289d83-1b14-467b-8dc3-5f8670de
113,3f94ec5d-18da-4606-99c4-c387d907
114,575c5a05-d598-4424-9a04-8a7b3006
115,5f108d4c-aba2-422a-9dfb-23558557
116,f56b21c8-e530-4f63-92a0-b3c6f0bc
117,14fe64d1-681b-426c-862f-4bb8ab75
118,7821323d-1a9c-4bad-821c-d0eda241
119,df4a6878-cf62-450b-9069-7a22a9f6
120,2661a000-ac4b-4736-ba66-1098498c
121,489542c2-fdbf-429d-84bb-d105e8c3
122,4fa3c66f-b4a4-4d36-b27f-c72d0b35
123,c90afbbd-4139-4427-9a3f-3a5671af
124,a5d83475-1b47-48c0-ad8a-1c85efc2
125,bccd329e-8ce7-4fe8-b6fe-89041d6a
126,d0bc39bb-787d-4d41-a544-8fef9378
127,054a3642-7389-4670-a66c-9b3634f3
128,2dddc72f-3dda-4b68-a538-d41083a2
129,4339113d-8306-471c-b296-36d03809
130,7b083bbe-afa3-461b-8701-ee2a9b18
131,161492af-3f99-41a4-b7dd-4d0597a6
132,8f074aa7-cc08-43be-bfc6-34b6ff8c
133,fa5d690a-8dd2-4ad5-b3d0-08eb03c8
134,001d4202-ba27-475a-9e11-c7366481
135,3cf29a64-9c82-4e65-9d8d-cdfbb498
136,3e921712-5efa-495c-af75-f6de6002
137,4095638f-b939-4c42-b44a-18f6126e
138,38723cbd-8198-46c5-b043-cbc0e6c3
139,4111a769-5794-456e-a463-b5dae1cf
140,4373b233-0126-4b4e-a394-0ddf119b
141,55e6bd16-8125-414b-b652-afbdfa33
142,1a9b09a4-3cfb-47b9-8388-c413c17d
143,2ef51074-4712-4cdc-a345-758502f1
144,0b52939b-e073-41a3-9d3f-c8a77a32
145,16d3342a-9a73-4012-94ca-bc8acebc
146,5b35bf26-b37a-474f-b385-1da69614
147,a0311546-2c1f-4f18-aa32-f288b3d6
148,274239b7-1c11-4b14-bfe4-d2775dde
149,81ff7700-3fcc-43b4-b5a1-57f15b5f
150,ebe6f703-4390-46d4-9ec4-0ebdee99
151,507af06d-8980-436a-9d5a-ce38032f
152,87771e9a-ea54-4e3e-93ec-b9d5ef11
153,cf2f383b-c391-46d0-8599-0e72e28c
154,e24ed412-b6a4-4380-9d09-b6803523
155,535cf393-370d-4107-b90f-829c7320
156,a1163d0c-291d-46bc-816e-868f7adf
157,dfb952f9-91c0-4ea3-ab6d-55bedd3f
158,117579bb-58e1-405a-ba15-3b63881b
159,a76d79e6-4827-4e61-89c7-37c70dea
160,b012cf77-a1d5-4648-bee6-840d61eb
161,c70ce779-9997-41e3-98fc-32e606d4
162,3cc8a2c1-bb7d-4385-ad89-a3c68a8d
163,4a16ee5e-6a3c-4b72-91c5-b9f058f7
164,e5ceb19e-69df-4968-b17b-de4f723d
165,b968084a-be52-427a-ad27-e9d228c7
166,2c22c377-92ea-4bcc-8999-7e30a172
167,bf78d8c7-df96-4569-b10f-71867f78
168,cc41e925-31ca-46a9-aba9-f3935b51
169,04e64044-8ec5-484f-afc3-cf378db2
170,7721cf63-ad8e-4758-81ad-da4f2254
171,ab7226ae-b056-4ae1-9a9c-ec60fd09
172,e20fb2d0-4dcd-4e42-a22b-8c2097db
173,1c01d6d4-79b3-409e-8e06-b623084d
174,95053d12-1b9a-4947-a49f-edfd2e13
175,f731d07e-534d-4f23-b71d-65d369af
176,05a1cb13-9621-42bb-a1d3-b9b76b87
177,0fd6322b-9a5a-4565-9ea0-276ef101
178,2754d626-6d0a-497a-a67d-280e2ff6
179,d8f73efb-8eb9-4c8d-bc9f-6e0a34c7
180,1368bb73-e3cb-4606-b6b7-e5de8e70
181,8fea060c-2e1b-4c42-b52a-5a65f908
182,fce3c43e-5cdc-4065-b149-4650ad4c
183,3681029d-e9da-4f47-9e58-c946d96c
184,6ab3e8b0-f2d8-4d6a-b5a3-6a45b152
185,775f8dbc-a989-4c22-a590-9a43aae7
186,7bce5041-3b40-4a00-9ce7-fec3a89f
187,0f6d92ac-ba31-4db4-8bbc-3981a621
188,27aad803-8c2d-446e-b8b8-4e4f8a4f
189,f367c2a6-5ad6-4b6d-a87f-aefc7e7f
190,6b5c7fbc-80d0-4a40-bcb2-8c63745a
191,78710833-e792-465a-8ef9-e4dd052e
192,ac2a8d57-213d-4a59-bf06-3c572791
193,ddfdf390-574b-48e9-acb6-180d0d10
194,9062aa9f-9c03-4011-b941-2c80915d
195,938a41dd-80fb-4dea-af24-e8c74dbb
196,e195ec2e-e550-4cac-89fd-fda1fac6
197,3425cb1a-380d-4d88-b597-76604994
198,3b0b7e0f-3fe6-471d-93fb-299a30e7
199,9454c412-f34e-4914-9db8-eb72f065
200,e9b550f7-4d9f-4def-9880-60263fbb
201,27be8bcd-dbd0-4a4f-917b-327f394b
202,a62e4497-a0d2-4576-865a-b3b41a67
203,a909ba6d-ae49-4070-99c5-66f8ba38
204,e4f26a1e-033d-4f6f-8207-80b26fd6
205,a18b353e-1d6a-4123-9800-6bbfd089
206,e4cffcc7-b5cc-49d1-bc31-ad16ff04
207,fa80b14a-8c72-49a1-816c-03956ed0
208,28163ab6-3d8c-4b29-b9f6-715f7e32
209,3a0f23dd-df9c-4684-bf52-65f7d544
210,6fba0a78-7bcd-4842-ab07-05d5dc25
211,c058b25f-dee4-4262-b6ff-42620426
212,0a041530-f008-4787-a8ec-af839216
213,7dcc189c-dcbf-487c-8f5d-046d2d76
214,f062f05b-27e8-43e1-a489-c617ed9f
215,3585abcd-c307-4655-86f8-d57db2bf
216,3bd9c8a5-75ba-4d65-9400-05fa75dd
217,ab9a8433-6246-4927-9af6-c628fa31
218,c02082f1-d883-4f84-97f6-3595d92f
219,0fd41c57-24f3-405d-a8ce-7a4ea4d5
220,3b1c1d9f-f964-42a7-b07f-a3f046b7
221,ceddac9f-52e0-414b-8cac-151697ef
222,867ef2e7-1f67-4877-8b10-3d332743
223,e2a3bf2c-80c9-4d6e-af9d-d12191dc
224,fcbf1991-ba38-4068-b066-16bf99c4
225,0edb8581-b081-40b5-a5b5-be4e3426
226,4be8b646-780f-44e5-a82a-7514c56a
227,64894211-b61e-49a0-9e51-efb3069c
228,d5345f34-cc35-41c3-8b23-eefcc03b
229,35e07707-f377-4bad-8647-859f8193
230,7feee5f9-1e70-40de-8860-3b2014b3
231,b54740c3-8b39-45a7-9c14-9622a558
232,8d389af5-f14d-4374-a6c9-aee3baef
233,a3c7ba85-e1ac-4b3c-bf6f-9d191141
234,c67509cf-2bd9-41d1-8763-a8bd8590
235,e24d0088-97af-4d34-afa9-7fa3d97f
236,4dbc92d1-4f49-4d1a-9924-39c08e2e
237,5d937c33-1da7-411a-a09c-516bc038
238,d384d477-ac8a-4590-8779-29050a68
239,0de343cf-997d-4750-b9ae-7ad4522a
240,27771f76-82b7-417e-8e98-cfebb309
241,31594d50-7be2-4664-9123-725ed1dd
242,cc84ccbb-e358-459e-9d18-629421b3
243,1735fbca-a2a5-4a0c-9572-87569c43
244,3b01987b-b676-43a3-9a8f-4fe69bd0
245,9d4328ba-54ba-4330-bc86-147a5eee
246,2d8d062d-ce64-4aef-a690-a9e86bb6
247,9f2e6338-c541-4008-bc13-a070be72
248,ce1714fe-a2a9-4f1a-aa86-258c67a1
249,d1b91deb-11e1-492a-a88c-37dd7cc3
250,4f8e855d-0b5b-4c6a-92a4-2b9a4ea4
251,6f46f987-a8d0-4414-8fc6-f6561c32
252,84b08ea5-17cc-4810-97cf-242685d1
253,542160ee-088e-4c0b-9a90-889dff25
254,8f5acfa5-2245-46c8-8fb0-9c0a20d2
255,a9bf0103-c359-4c5b-afe4-e372a972
256,b0be05a1-9036-45b9-8866-fdc6f131
257,17ed4d9a-6512-4dcc-8f25-90bc7c89
258,9cc74ab9-d23a-4058-affe-8ee415c5
259,aa77a110-0f51-4ac2-a708-29da0e3f
260,41144dde-4f39-4d07-b1cb-4087dacd
261,9e9ab46d-c721-410b-b826-ccff8fd0
262,a3eaca19-26ca-42ae-9059-242688eb
263,bccf930d-1bab-4882-b51f-5ab9b4bf
264,3535a155-54a5-476c-a05c-9b0eb1f3
265,5c9b90e6-df87-4f28-8d71-f9156460
266,bc48fa3b-4f35-408f-8e59-53c69fae
267,da4be0f5-fe53-42cb-9418-90d4d939
268,4999491a-4c00-49aa-bd84-dc82f0d1
269,5481d326-f8fc-4318-bd23-a0936c5d
270,6e0fd99e-741d-4a12-bd87-32d4734c
271,5120d9a7-41f8-42e1-8d5f-225efc45
272,a9f292ee-a96c-4563-8339-de616143
273,ccac6442-4624-4c35-a3e6-d306638e
274,f4bcd0a2-e052-4400-8188-a3030f6f
275,78f0c85c-abf9-40a4-9a27-d9f53a53
276,c4488487-3155-429d-9646-9c425ed2
277,2286c3e8-9178-42e3-af95-9add8b3f
278,7e20558c-cfd6-4bc1-8327-2eb9bec6
279,808d00b6-ce76-41a4-9e72-a535e894
280,bd348b5a-b96c-4f46-aedf-161ca958
281,51836f7f-5de5-47cc-a81f-e0d50ad3
282,7acefdaa-0a19-467b-b3e0-afcb1ab2
283,d8cfd90b-6d80-46c1-a331-1e964df9
284,025ef7b5-1e5f-48d1-b583-b9be70ef
285,38aa729f-3b16-4af7-9119-e31cf449
286,87c71a26-39ab-4fd0-a8a8-289c409a
287,ba04f857-9e32-4ee6-93d5-4b75c2f1
288,065e5ac7-1ed7-49ae-a323-981d920e
289,951908c9-9b2e-473a-81ec-c2cbaf1a
290,a34fb0c0-17e6-4315-85f0-0042121e
291,b513c98e-f688-4b9f-986b-9f34f841
292,2987463d-21a1-4de7-99cb-9fae45fd
293,cee6f77d-6426-499b-8c0d-24fd6ff3
294,db17f987-1f0d-494e-b647-fe19d001
295,0dd507cd-60be-4a0f-822a-bce5d3a7
296,c3e2f5db-c48b-47a2-9408-398cbe83
297,f2f5b836-796d-471b-b755-fdec903a
298,f7703ea5-1ae9-4c31-889a-99567a30
299,1b90c8ad-bd18-4398-9434-dda4b766
300,7a5624b9-7f11-4c11-b7c1-9fe0cfde
301,fa124e96-3264-46f3-9f84-97ce5cec
302,018e60bb-419f-4a91-95a5-008cad59
303,26959dcc-a504-41aa-b499-0f747d67
304,2f5fbac6-e1d0-49c5-a10c-a8b57f0e
305,4530776b-9fb2-43d8-9488-1b5c2889
306,019bc5d6-cac5-4c93-86d4-f441df5b
307,c6c1162b-da64-4c81-b48e-edbe07d7
308,d04fe265-712a-47fb-9f53-ca24f591
309,3f48df2e-d3dd-40ef-8fca-8a2b26d2
310,6f37450d-7401-4638-a547-4c02c80b
311,749645ef-5717-4614-bdf5-373ff5dc
312,38a2e424-a874-49f6-825c-8fe9fd08
313,b28d71c8-e368-4858-862f-e01f4dcb
314,da6957d7-ddb7-4ffa-b5de-d18c952f
315,351410b4-b690-45b8-abc8-159259ab
316,7077b4c6-e079-4821-a915-143b9778
317,8c22e6e7-e700-4a3c-b2d4-4a73ec3e
318,91446332-c2ba-4adb-bb0e-9cc1c14a
319,526aa6f1-758a-41b8-90bf-7c79843f
320,c2a3a33d-db3e-400d-b8de-b0c011f0
321,f82aacd6-d512-44f3-a04d-5e735358
322,0a7d3d34-f1e7-4a38-b433-33ccce8e
323,1498c58e-89e9-4fe2-8541-b244b45c
324,c65cd287-d1ce-4df3-9a4e-ce46b3f0
325,cfdc8df2-570b-4cca-8768-95419fbe
326,0a89b6ce-80b8-4bce-a0ac-e5743b36
327,87cd998c-33c2-425c-9d35-63834ea4
328,b0d076e6-d11b-41e9-8b3c-ed95790a
329,828f99d5-ddb6-4483-9816-bb8c684e
330,995de727-6cdb-48a2-8730-95aa5eab
331,7bfbf999-f8a1-4d5d-9b26-9ad1fd53
332,1b2d3e1c-6cc9-4f27-83cf-6cfda11c
333,3964fcd4-ccec-4fa9-84db-19c998cb
334,b4539739-19bd-48a8-b555-e68df6cf
335,d541f3ed-1dcb-4ca8-86d6-b13eb1af
336,02ece083-13a1-474c-88e1-12384b30
337,1959850e-9899-4d37-a839-1d6aa6f5
338,37f7beef-9f44-4e57-9c11-54a26df7
339,1ed28ff7-6b06-4f1d-a4e8-c1096067
340,47cd8610-f709-4805-b276-8b2c7d04
341,86e75c61-befb-46c6-b1ad-e0cc7aac
342,ff2b7381-b60e-46ae-910e-55973215
343,30d0d984-8d87-48e8-ad47-ead7c748
344,489425c7-183f-49b3-9a8c-71e3184b
345,75c1b6cb-f30b-4727-ae2d-da82f0a1
346,645cdb52-cd47-4831-b528-444fd009
347,6f5d2491-13d8-4a8f-b325-6c5f3bb8
348,d0313127-dcfa-45a4-9acd-93ff8666
349,f4543341-0624-45b2-ac02-235c4bf6
350,9f158b9b-1f37-453d-832e-d1a00930
351,a98beeac-239a-4b46-b40e-215b68c1
352,b1f19a39-87b9-47a0-860e-f2d0c59a
353,40b1fdab-3c39-4844-974d-8ed39542
354,6c43d80c-968e-493f-98ad-59216941
355,71fe3a0b-55dc-4557-9254-2d09f3e8
356,94bc2b30-342e-42b6-8450-24134ca0
357,658a511e-bd1b-4c89-83f3-13195a85
358,a7a5d949-2c1d-4193-895d-18b78977
359,ab707e5c-4617-4ea7-9519-04f759e6
360,b020cae8-858c-4739-9710-4d854460
361,1fdb544a-5413-466f-a0f3-5b4785c0
362,714ebe6a-18ee-4703-98e0-5d4c614f
363,b2a1ee46-e8cd-45d4-8740-7656456b
364,05213440-2272-4823-b28e-4cf5022e
365,2c19765a-d7ac-41fa-830b-67bfaac9
366,aa81d9ef-9e0c-4107-88a5-0e9e06a3
367,b782c787-7b41-4100-969f-58fe2fd9
368,43a9d35a-621b-4acb-9aa8-2b196059
369,9fa14f96-b7f9-4540-8482-5bbeb186
370,eaf3c0ac-1b02-4771-bbde-86d27f38
371,60aaf01e-d51b-49e6-8b31-b2fbfe1e
372,8a796a78-78b5-4b79-bf2f-13e5f522
373,b11ca35b-4eaf-4af2-9f98-22c76ac5
374,f64b73df-15ab-4ee0-b77d-22573650
375,3853a435-22e4-455d-98e3-4f3c58a4
376,b2897cb6-08e6-4d76-9614-25e07890
377,e45fa549-e78b-41e7-861d-b8fece91
378,096ded8a-47eb-428a-998b-c6d49d50
379,1054ed82-8245-47e0-8273-49ade36f
380,9afa2167-55aa-4199-953a-a1c342ca
381,e4af6794-aabc-48b6-8918-6c7f6dc7
382,18b2805d-1a7b-4792-b567-de0f59c1
383,909562b2-572f-4358-836e-0277800c
384,af5229bd-cfd4-4bb6-af4b-9eda3827
385,0354fb84-9c1e-4df6-aed8-d43dd559
386,466690e7-7be6-465f-9bdd-5c9275f7
387,9015b72c-8b83-443d-abce-fdbfc5d8
388,b69a98a8-6e53-4fa6-bd5e-880cf801
389,33a13f87-bb38-4a58-ab91-d1dbabcd
390,5bec5ee6-60da-4d6f-8bd7-dc23c841
391,699f8116-5755-4909-9264-f086b2cc
392,ec509a7b-23be-4153-8dd8-c2dc27f7
393,39bb9578-187a-45a5-85db-42414502
394,410fd1cf-e345-4336-be69-fd1ff46d
395,ad1438f5-ea95-4cdd-aefd-cd39ea54
396,4d4ab96a-7b17-4e42-a190-12437dcb
397,c3a2b4e6-14e3-4d75-b357-da9d755d
398,d5eec1d6-120d-4ff5-a231-7829d7b4
399,dd8b6164-b129-4608-a368-013dda10
400,04bafe8b-987a-4921-a1f8-44a2f53f
401,0ceb92b5-a253-45db-8d33-d3d0dec0
402,204877ec-b9fb-489d-8117-7d1bd65c
403,1bb039f2-8f21-4b1f-b115-07a8c252
404,50f88ff9-d2b0-4f81-8bc5-66f57b86
405,7c5e3a56-d4f0-4afe-a112-68861d3b
406,98d9af7c-005e-478f-8767-7350dc36
407,70d2fb29-7ea0-4f9e-bf70-6dbb196f
408,74f156a5-20bb-45f9-b83a-d0b8a590
409,8d236293-c18c-4f7d-b78c-2b21108c
410,87826079-2b2b-4ab7-80af-444734ff
411,f435ffea-719a-41db-a814-62ea5523
412,f5213a73-2011-4b8a-807a-18943421
413,f9f83585-fcbc-4bf7-bc53-d78f962b
414,049832fc-5a0e-4614-b27e-4c8e57bb
415,288afd63-3587-4781-838d-96aa81ec
416,81f9ffe8-2c3e-48cb-b684-20ecec8a
417,64c55491-27e7-4cc9-a714-c75e19a7
418,21d9ada8-6b53-425e-8730-68f2fa92
419,5b54e30e-bde2-4ddb-b5f5-a8446fbc
420,8cce76ba-1865-4031-be3d-59ba6364
421,34668cdf-cfd0-455b-9c19-d76d6800
422,58ee9e4a-4128-4878-85df-096a177f
423,721ae252-1a37-4dc2-ba6a-19b4c5bc
424,92ae64a1-8cd3-44e2-85a6-ef038a0c
425,2d7f35d0-1ac4-4654-b374-93cc4dbf
426,45eb1bf8-92f8-49e6-be58-42b4f0c7
427,6083f45e-fb67-41c0-85aa-0f18be80
428,2039562f-d38d-4015-930d-d00a0b33
429,86e5be0a-7394-47b4-9d8f-5923e525
430,d3452f20-e5ae-4a38-95fd-c36870ef
431,fb3328bf-43ed-4d3e-926f-6b111aff
432,4589b459-d1db-476e-97f1-4cf7de9c
433,84b17cfd-d4f0-4be2-80e1-93e5d34d
434,babca475-baa5-4ba7-a5dc-12c94c30
435,303af650-48bd-4982-b440-bea9ead7
436,5fc70800-4a10-4944-9ce2-c171e2bd
437,ccbf94ac-7510-4652-afff-dbd425c6
438,f270eb79-7e07-4a50-91a8-05648e81
439,15420a6d-a9e3-477b-b146-3757267e
440,35b014ab-d7dc-457f-9ff8-8e03c56c
441,de525599-3dd6-4e1e-b519-4ad840fe
442,df7aa10c-60f4-40de-988a-6d1241ef
443,96ea9a43-6ebb-4524-941a-3c709194
444,ceb6e001-27e3-4a5d-a74c-176db2d2
445,e812f42d-c40a-42f9-8777-3fb7f6a4
446,0fdf5664-cb9b-49f4-adfe-a1df3e5b
447,61ce8556-3dc2-4f0a-be9f-778d874d
448,a028d233-aea8-4062-8730-1b59955e
449,f8c0845e-d11f-49c0-849d-1afe95d2
450,6a463384-0c2c-46f3-baf1-71b56eea
451,b530feeb-af61-4d02-b1f9-178e8cae
452,c397461e-0061-468c-b572-9af70517
453,81e62aac-4887-443b-abb2-765d7924
454,8ddd5c73-33de-4802-b0bc-f4a4eeca
455,a22b5a6c-1a37-4ec8-b4ea-db718e7c
456,a72d6c61-3976-4151-8b45-a62f29a2
457,150cb737-23e2-46d8-9e58-a6177c78
458,29c0b3f2-303c-4989-9492-e9e48e4d
459,5a602c08-4b62-4bfb-b6cf-55e86017
460,94bb5a2e-eb0b-432c-9434-fd2ee19d
461,148c62f3-913a-42f6-851e-6357548c
462,3711f7d9-50f5-464a-882a-9813bed4
463,4adef714-b6b2-414d-acc6-477c7210
464,8bf02aab-145b-4df9-8d4c-c62c92ce
465,ad8196cb-381a-45d8-8270-2908f08b
466,e1fc0a99-f1ef-4b25-84d3-80fb0f73
467,f0cbf5e8-ad27-4087-95af-5fa6857f
468,298878f1-57d4-4e15-9ca8-de0b2bd5
469,96d5c983-5d05-41b2-a2d2-ec9327d8
470,9cfaf3bf-1af2-4a91-86cd-e3ddcf4d
471,bb89ca18-d4d1-465f-a550-ed49a7ad
472,c96a7031-2ee7-4646-992e-b1fc5dc8
473,f8356a22-8ee8-4848-8199-49a49ee1
474,3ebeffa2-49ce-4888-9ba5-e6c375cd
475,8ad6879d-6853-40cc-aa8b-9ab4b7a2
476,d3f1f36f-4cd0-4279-bf0d-99d8823c
477,0dbc3383-86f7-4a23-839f-b39da99c
478,2f83ce0b-5c50-4629-9a94-294e0b5e
479,4fb325a2-12b0-4a5b-9b0a-e3e600d5
480,c7fd140d-6a35-49de-b1ec-c1b5d823
481,2b9410b7-8648-4625-8b86-20881472
482,5b3bf2bf-4298-41d1-b76b-a354e105
483,e1fb59cc-fe08-4486-81dd-3d67f654
484,4d2eacf7-15af-4c39-ac9a-e58e1392
485,8a1388bd-2b9c-48c9-9ffa-bb657ba9
486,b0aed99a-e84c-4ff1-9741-daeaa8e9
487,b2d2cc0d-dbf6-4de2-9a97-fbced0b7
488,53159be4-3a5b-4adf-bb36-94bd5be0
489,bb182a98-44af-40ce-b939-d04eca4f
490,ca68b5c9-2da8-423a-b7d6-16b7387f
491,045d2402-93a6-4a43-a640-6dda1b68
492,08a18f3e-ede0-41b0-bdf0-5c0c903e
493,2c6f38f6-2d33-4c83-a44c-a83c519b
494,a654e0a5-0820-4a3a-bfd7-bae57352
495,284d8f67-9bcd-4734-b832-133ee76c
496,369ca7ea-cbac-4e1e-b4c2-1f654e65
497,da2981b1-a1dd-4524-96bb-50134d1c
498,08b9328d-e251-4089-b4dc-d6751e45
499,b372f4ca-e3ec-4953-a1a1-787644ea
500,c4928a46-8eb1-48ff-a7b8-1cf4a63f
501,16796ecd-9069-41d7-a5a8-2f73ba03
502,090f461a-70e2-4616-8674-8201d98f
503,203bd220-61cb-4901-9476-868a3113
504,27513f8a-c8ae-411a-81eb-84beb267
505,87b6f86b-d652-4a95-96f4-2c02de16
506,64d553c6-bc75-4d08-8e0b-15757658
507,806ca126-7649-4af3-aa6d-5574e057
508,c21dd581-c0ac-496e-ad5d-01125535
509,6c11a562-7fc9-4079-99a3-e315b935
510,bc9bd8b9-0774-4c58-b080-7e15c0b3
511,bf26e40a-37d4-4744-98d5-2a1c721d
512,c215c078-f7b0-4ad2-ab6c-5d4d7814
513,1a4d8243-d405-4bdd-835e-c41b205a
514,1bbb476a-9dd1-467c-8c91-e6d00d0c
515,93c3df69-0792-4e37-945e-beb546f8
516,a2843cc0-5e39-4662-b86e-3e09ed24
517,05c2763f-447c-4e2c-8b36-38205608
518,0635f835-d821-412e-a12f-bc02ce01
519,56c93ced-2961-4170-91f3-736074d2
520,44d5a8ba-20aa-4d20-a253-6f5f8e9c
521,5e61784b-356e-496e-9cf9-fa9a46ec
522,9dfe03c6-2eda-44ea-a460-dd18c41b
523,e60e07f6-7817-4fec-9139-64075fd0
524,51dae5e3-f177-438c-9a11-36c63c7f
525,8b485909-e592-46c3-a72b-62e17962
526,a4bbac05-d629-4a40-b3bf-395e7542
527,5cb897ae-bc78-4d32-83ed-5e2bb919
528,769594ae-a205-493c-88f1-0c056743
529,786e4f99-675e-4195-8dd0-ec8c2b72
530,9919f0d7-af3a-4fbd-8b1c-969b3c95
531,227a452e-c5bf-4ca4-9f35-751bc148
532,9340205d-36c5-4f57-b72d-c5e1d258
533,c2ae4aae-1bef-4841-b7eb-73fb6097
534,0d3ff646-c68a-4d8d-a678-7cdb5b79
535,8cce6b18-63d4-4be6-9d4c-456ad5f8
536,91fe7441-6a1b-4043-9e04-c5b759a3
537,f30bb8f6-b9de-4c4a-bff4-3668c924
538,14e84fd4-4759-4d56-bbd5-584e0a5e
539,55acf053-ea13-47c9-9b46-7b1224a1
540,fcc3346f-e47d-4c97-9d31-5804afd0
541,39aa640c-efa2-447f-9dfb-d1adbd6b
542,716834b0-2165-45b5-bc02-cc6c6cc0
543,b022d452-7348-45ba-8e02-da03ac02
544,ddc6dda5-8f59-4003-8c2e-776b452b
545,0c655f71-7ba6-4756-8339-1090b6cf
546,108b005d-a99b-4499-a012-dc33c670
547,87684673-5552-4126-87d0-065c59f4
548,b525143c-1e1d-4801-93f0-80a56737
549,2e8b2f60-04e8-48a7-88a9-6628b4fc
550,6ce728e6-0ffd-4e4b-b6de-fd6564ef
551,8f13ed6c-e29c-488b-9c86-d1fdc03f
552,07ecc08f-e53c-4431-bfe8-2519a2c3
553,c3498089-ea67-459e-b19b-bd1b599f
554,d1e57c57-4fa2-4880-a10e-18785700
555,dd49ecf2-a6fd-4c31-a3cc-29ca1fa6
556,048a9d93-e797-418d-b8f8-2320097b
557,25a3ef8c-e542-453b-8afb-e04f9dcd
558,33d48259-f437-4aba-b65d-8d38c7a9
559,5793ccf2-07c1-48f7-bf44-49b52ae1
560,76bf4e76-7dba-4629-96b9-2887f204
561,781504f4-b6a9-471b-967c-c7620049
562,b8389ebb-b086-4950-9402-fa5596ed
563,5a2b67e6-50bf-43f5-8e6a-99f9a128
564,87b6a6f2-3dae-49d0-b73a-6243ea7f
565,c2db5544-bc6f-4eed-b411-551f4850
566,12ff94a1-12f9-46ab-a646-f9e195dd
567,a296e6e6-3ab3-4e18-af5c-5f13fb28
568,a377880d-1ed4-441c-b747-1e78a1d7
569,f4210dc0-0aef-460d-8241-68106bb3
570,6122736c-2a5a-4f4f-aa0b-906f9f25
571,7937cfe1-6523-486e-88c6-abf3b58e
572,bce7be3d-882f-4bf1-aa55-59e4929e
573,fb6490b8-9831-48f1-8c39-a84da8c2
574,45df33a2-c323-4d54-99d0-a207b6dd
575,9ef3b4a7-2b47-4d80-a196-2eaab224
576,e5d497bb-8365-49a3-8546-3689fa76
577,c344564b-797b-40ca-a925-ecd12349
578,f72e5219-1abb-41af-9ec7-eb5c8252
579,fa13d10f-b0dc-4a95-b7d4-f19a9d30
580,fdb8409e-61f5-4d12-ba5d-5c8b80ef
581,0c44ff4f-29c3-41d4-8a8d-1b8ce468
582,57e08055-d580-4321-a470-92ea9bce
583,fe94b315-f954-4d91-a543-48c6a45d
584,7eb68b5d-8e8d-450e-a9b9-e47385e0
585,fff73f88-4cfa-4094-9b30-10fc2d1c
586,40e60322-bbf0-4652-890f-cecf546c
587,0e926ffa-1076-4936-a9be-f613dbef
588,4d1136f9-501d-4898-bc9c-de690694
589,5d06aa16-df71-4da1-b959-87e2e04d
590,611d679e-6a7d-4cc8-8ee0-d2240b39
591,0e068cfd-0f50-421b-9b66-ab2833c2
592,58001123-747e-43a9-80f7-46c84a87
593,7231748d-5334-4538-a0ef-26c86f63
594,1529e8fb-4906-4eb2-8bae-ee37929a
595,44c3eddb-4b1c-4972-a977-41bc1b66
596,55db46c3-c3e8-4cb0-b035-a18a4770
597,98bace03-beb5-48ee-aa6b-1e9da0c9
598,22b0541e-2b8c-41c2-9d28-c58eb1ca
599,30b05e58-68bf-46d3-a97e-c6d9e134
600,5373ec47-821b-4eaf-9f21-83e2805e
601,9c03976e-45b7-4926-8b1e-84718cc2
602,aa7d1cb2-4260-4448-9267-be8b411b
603,bb1622f6-9777-47d8-97fb-34a4ee6a
604,d79efd48-a03e-4a3a-be7f-363a0f3f
605,5a63e95a-b553-40e2-958f-69e3a030
606,b522a7ca-946c-494e-a6c5-2eb167fc
607,dbfe5c3c-28a2-43f9-9d5f-77d41044
608,0121431e-3cb8-479b-a646-44bf3a0c
609,80dbdb51-31c7-498b-af66-fe8f4fe1
610,8ea4d72b-87f8-49ef-9722-5efb82e5
611,df632eb5-7fd1-46c6-8c4b-921ab3df
612,703f5934-8d07-4657-9614-5d2e3429
613,b74cb8dd-aadb-4fd8-8a2d-2025d93a
614,ca162d26-c3af-4b44-a5a8-5321daef
615,d5e4760a-9b8c-4631-b511-709ea20a
616,7f286b3d-2b87-4f75-b702-390b0a76
617,b1cd56b2-a224-4745-b2a9-094b1f30
618,c12d636e-4528-4bfc-a6e5-1156da7b
619,42198c25-b70f-4498-97c8-7591c111
620,6b4b0c29-de82-4aed-8533-36adf1b9
621,70904d0b-fed3-4b1b-acd3-75eff8e1
622,79e1c5ff-3d18-4a59-9b64-0a60a00a
623,6b1f734d-80b7-4b6a-a853-866a6f83
624,70c9fc6f-12bb-4d03-8cef-f176ec46
625,8942fbca-9d3b-4cf2-b143-41756121
626,246218e4-331b-4ae5-9e0e-1a088213
627,77b3c496-492e-4e6e-ae2c-878eab72
628,867e2303-5d92-4181-b357-c61b393e
629,c83c34fc-592c-4105-8634-c6702bb2
630,3cc8b9c4-e919-4e10-8100-22268c96
631,dd9f6af4-391a-4d25-9aa5-a3a218a3
632,eda30bb1-aa8b-45d0-834d-a8768156
633,1972ec81-416e-4b47-a002-0dca0de2
634,2d4428b3-5d0e-4387-8f28-18306a41
635,67db3ffb-6d91-44ea-8e79-6f5d182b
636,99810183-e336-472b-ac81-159c5717
637,9d5e2b20-ba0e-4c36-921a-49dd4adb
638,aac22dbf-1bc8-4288-b96c-74f6477d
639,adf608e1-c613-419b-bd43-3a4af7a2
640,e4119f3c-275a-43a6-a240-203bd8fd
641,37e6a40a-63d1-4805-9aec-2d0922f2
642,4eb09d37-eb4f-4a05-80de-35aaaab5
643,7152a8c1-a002-475e-8704-16a99885
644,3e95f18d-cf30-41a1-ba42-ebdf05a6
645,5791ee41-6948-4bfe-834c-47b6ee40
646,a4d8f727-7e44-46bc-9695-b9de7f79
647,c4c83c30-fe16-426f-9e18-b33215a1
648,00aa9bf9-e34c-4f4a-a843-a7af107a
649,9bb44e3b-7250-4019-980d-24ddba08
650,fce9eaca-696c-4492-8f36-ffcb663e
651,6a8933ec-9d5a-48ae-a36d-1b55939f
652,8aa04a53-1479-45d5-95b6-658f0164
653,8d672003-13f8-4ca4-ae56-32d71473
654,ae9f0c72-b302-4a35-8042-a6fdee55
655,2920a156-436c-44e1-8fb0-65fa36d6
656,5f4b7240-fcf8-4b85-9574-6582856e
657,e03c0580-ce52-4083-b804-b1f043a5
658,00f4e4ca-8078-40e1-b8d2-d5e862e1
659,10842460-4329-42d0-960b-2a0ddc98
660,8f1edb92-82b8-415d-9d43-ddef71e8
661,c216ed46-9742-4b78-8028-dfdbec8e
662,11b455f9-9299-4524-8ddf-e2a84bb4
663,f4496a92-5c38-468c-9516-972bc531
664,f98bb7c7-5918-4060-abc0-58a5d563
665,418a037b-f68e-44b4-bf39-9ba4d3dc
666,4ee0edb3-4b7a-454d-a0cd-e727bbe6
667,6c1967c1-3b04-4351-816e-9e3ab589
668,6d49a0d1-00b7-4c2d-990b-81805778
669,e8c432e7-97c2-483d-b726-a8db7952
670,4e955b03-85a7-4d19-af56-f86ab00b
671,80d047cd-3280-4000-9eee-ed166325
672,13a0f8a0-5059-4215-b4da-b1dfa6d9
673,26f521d4-d85f-4d53-9fea-54af9d24
674,28024f8d-23d5-4227-9ea4-281842c6
675,5c84ee84-b563-4fe6-bba7-dfbea68e
676,345eefed-c2ba-442d-a071-eaae5c2c
677,68934464-6321-4ba9-9466-7a2db3d0
678,f4afa009-074f-4880-89f3-8919644d
679,4b99a889-c173-44d2-8bae-463532bb
680,4ed408e6-1c4f-4ddf-85bb-55590ca7
681,5166f314-f60a-40e6-8c81-4c4888a9
682,c821d4a0-c7b8-4885-9ff4-6baedc88
683,05555755-9b67-4b46-83e7-df6ab4b0
684,68f8d928-c2cf-4156-9650-93211a92
685,794be25d-f1e7-4415-941f-a79ba26c
686,b3a71498-894e-4063-9da9-cd99345a
687,d8952c56-8f1f-499e-9f6f-f3f4b93a
688,dcdd2d70-cdb6-41e7-8ffb-36b99d9b
689,fc8d52df-619d-4ca2-ae83-a042f5d7
690,19afa2cf-ea95-4a6e-8153-96abd910
691,45f78d11-9b1b-4b39-92b8-eaed8826
692,e4ef1ecc-abcd-409b-bdfa-cf2b7ede
693,17cd7ea8-33e3-4f40-92d6-c85ae99f
694,2725374f-1b17-498a-9ec4-9eb51677
695,297b23b1-0761-4eb1-aaf1-34d95b7e
696,52ebb70c-4f4d-470d-9dcd-3ae06c92
697,46a9cab8-f417-4959-af34-5dd8d4ea
698,4d884b4e-09e4-4889-b3ec-768cba91
699,9a7554e3-bae6-4f22-9adb-92366b4d
700,38cb21a3-7ba7-40b9-8966-1ade2244
701,46ca65b8-7a7c-4faf-9cbb-3d5a84cf
702,55d5525d-21d1-4bbb-9b2f-71308a36
703,5dc39faf-a93b-4275-9cf6-19f6031b
704,90de6a73-9192-4543-a1e2-933fe086
705,98745e4a-f088-4a4e-acbc-a200b32c
706,9b12f277-4b59-47e3-9e79-c763d564
707,e3caef25-31e2-45e1-9a61-b8f0e675
708,943d3a58-944d-4c2c-9c8f-a75a264e
709,9d0240e1-0826-4a11-844e-f09c0820
710,bdc4f510-a9d1-4402-8499-881a25fa
711,3f20a022-0ef8-478c-9ea1-04cbf44c
712,5f222618-8c6d-4e8b-af5c-d58318c8
713,8c1a1376-7a01-4bb1-898b-aa277b38
714,e5f53b8f-cb38-4a1e-9e89-1b20747e
715,246c7f19-5d08-4061-924c-198d72fc
716,9a4bc712-7393-4d75-bb53-6cc5a7b3
717,9afdc10c-4980-4802-8575-7f9a44fc
718,3073e07d-7527-4e0a-92cb-d90ba59d
719,5e190c34-71b1-477a-bf44-ecd29c13
720,7b07cfbd-1791-445a-aabd-393e84d7
721,c41c703b-f220-4dd8-b8a0-7afec160
722,0a9efed4-f633-43a8-8cf1-ae79a57d
723,123de039-31de-40f3-9da3-2cb8904d
724,a0ae78b5-9d6a-49c4-a6c7-74b5797c
725,17a40da1-5e25-4e54-93a0-a0148f85
726,3aa3c3ce-ec0c-446f-bf96-6d0d8c64
727,58edcb82-6f64-4c1e-b2be-27400759
728,f5f93b1f-d8f9-4e60-bb09-d64f9dbe
729,2e580099-8824-4dc4-879e-72db1dff
730,420876a2-2400-4615-90c7-58bf48c5
731,642865a9-5edb-4efc-8c08-9587fd76
732,01b7e747-fb68-4e6c-a86b-ca68cf37
733,4e286446-5bc2-4e3b-84e3-0d28ce96
734,79e8359c-d661-430b-aa0f-7b2c4821
735,c1c1508a-ad48-4424-b771-b982c2f0
736,4da3bb8a-cbe5-455e-b71c-9d3bfa7d
737,5a5650e8-1f59-4bd9-8953-1d6dcb34
738,63bb3190-79e4-4812-b1bb-25de0a6e
739,34c27345-5d73-41c2-ad40-21230b0c
740,a9d8b4b6-4cb9-4086-9978-e6711550
741,eac58fd3-d3bb-4661-a639-757bb182
742,f611c1ff-d924-41c2-b511-b086b394
743,807af1f1-fee3-44fa-9348-67acf248
744,8367a40d-50bd-4a23-be56-5e2a038e
745,9bf884d8-d4ab-41b5-985d-28056feb
746,3ba25f15-67bf-4652-b49d-28b14dac
747,72f76fd1-aef6-43ec-b42f-7bfc404f
748,bcdfc63f-3899-4704-8ace-8eed4f2d
749,f6a08934-4713-412f-93a7-16b90c3a
750,156d6762-d48d-4270-b48f-7587c809
751,5d609acd-7d68-4fb4-88ee-e0873c05
752,743c81d0-13cb-4ef2-b71a-8afa51d2
753,b3341bdb-d2da-499d-9236-55e0c6c3
754,4a4d2b46-0db4-4cce-84cd-18c0acda
755,b0e5c3d2-a9cb-4259-a605-8fab37f1
756,b3edad1d-a676-49b3-9514-c8a18385
757,f07dddbb-1cbe-434d-b5de-842eccd2
758,4bb2ca51-3333-4f1d-9648-673c256b
759,7a95c43f-3f56-4231-a219-c1d3a938
760,c22ea49e-06a2-4e26-9521-a9e2d62f
761,d1c1c2d8-c97c-4bd2-a6bb-f8e597fe
762,86997d96-fea8-4581-8d9a-98e3716e
763,9e2346c0-c848-4524-a171-ccb6f291
764,d47f99d1-ec67-48e9-9ae1-6de35796
765,ac08859b-4c5c-4b58-b509-61ce7626
766,e5df48ff-a633-40cf-8c95-7f69b180
767,e7ed10d6-9fe8-4b1a-81a5-88c42cf7
768,fb477a2d-09e8-4f93-9ee6-c27a695b
769,0302b174-6eac-41b2-9f13-aaa45e42
770,458220fa-2b89-44ab-a75d-b04dc7f9
771,4ec992c7-52ce-4b6f-a974-2fbb8c2a
772,00916ec4-1fb5-48dd-ab98-f64e7dba
773,75754cd6-4fcb-437b-babe-53e01a4d
774,d2a1caf6-69d3-44f2-9ab9-054822b8
775,d9125ad2-c742-4df1-a61c-b183ba23
776,8f66edb6-b550-4fad-88ee-068ebb95
777,9035da27-ff3f-401c-a894-c87a1a65
778,bef93514-a1c6-4c6e-b2c8-15d9d277
779,dcaeb411-2a46-4842-a8db-9895741d
780,325a46cc-53f9-4f92-a234-039073bd
781,727f5584-d429-4487-aebc-4d0cc451
782,8dfe4dd5-4737-4b2f-b528-7725cd2b
783,e62ddd1c-3836-47fc-82fa-2e9f7200
784,1f41b8cd-f067-4bd9-ba2c-4d4ab74d
785,70fbc2c6-fdbc-4fd8-9074-b879c203
786,ed6eab94-ad05-49ef-943b-ea83f847
787,4d43d8a0-a5dd-46fd-800d-0815aa7c
788,5152f236-383f-405d-835a-11e264cc
789,97cb8677-4f8e-4224-8f0b-9f5a5248
790,97d8fe6f-289b-4fe3-b6aa-7dd41083
791,33b182e8-8b91-414f-b019-d43e82e3
792,aa96fa7d-670f-4382-ad2b-801573aa
793,b42d0601-cd8f-47d2-b1be-90968ff6
794,1ba49c45-88a7-44d0-96f7-953d7ad2
795,215bb8e5-e0de-4483-a504-ae772eb0
796,9264d748-f8bf-46bf-b3c9-2340dee5
797,930c4ca0-4716-45d5-95f8-bcdab48b
798,031ae9e2-6300-4175-bfd2-4419864d
799,089579ff-592e-41ed-a126-01be7ec0
800,5e8e92c5-c5ff-4f4e-8b78-4e4e4558
801,9b7fa0fb-11c4-4ac1-8fbf-5b0878e3
802,022f7e2a-7b57-4839-b28e-a05ed28c
803,3b05f92b-723c-46c6-827e-8c8f2fd3
804,f179b026-c4a0-494a-bf27-11d7a576
805,25c57abe-3bcb-48ed-bcde-fb934407
806,3399c8ac-3451-4e5e-b6e5-05a27d6b
807,5de39eed-c0b2-4612-b2fd-dfed12f2
808,6bf78dac-cced-4513-a959-005ffcd3
809,2490440f-b218-4e8f-a571-5c07c022
810,32f78fe0-8e4a-495e-879f-36f84bb6
811,488ecf7b-d97f-4fb4-b5eb-5438a859
812,7cee23b7-87bd-4db0-9426-fd63454d
813,524d6801-fec0-48b8-adaf-1dccf820
814,5edb0620-87fc-41f4-b229-145c381a
815,f220a2b4-4ac0-405a-a9d3-edfea563
816,18c103e6-c43d-4f67-9789-05095d43
817,21d1394b-6a8a-49cb-a755-b8e6935c
818,64178d1c-7209-4eb2-8688-c97ee230
819,99ed29aa-013a-4148-8af0-477d1e31
820,0f719c59-e9f4-44af-9170-745271ac
821,7be75bc3-daa2-46bd-912e-a881b12e
822,804f6727-d829-40c4-8754-3d9ddeb7
823,9b55aec4-3125-4cf8-b408-bc4a0730
824,076a1b0d-b680-46f9-b619-f43a63e9
825,6abbf428-87da-4e8a-ba97-931195b4
826,c917e9f5-0cc4-468a-a25a-6853b1be
827,6bf63b61-a797-4c3c-a2cf-cdb5ab99
828,893c0d59-4946-4866-bae3-dd171a77
829,a376775c-bfc1-4569-a7ea-220b1967
830,dfaabf10-73de-4b24-b93d-3d51d416
831,0c713944-c64d-4168-9a76-34288619
832,b2b362e7-0d10-42dc-b5fe-f7e1ae71
833,bfdd75b2-c031-4b7e-9c4d-6bea2f19
834,08dea062-a3bf-40db-9376-1f7af04e
835,1905e4e0-e644-4796-9029-cd6c05d5
836,7086b936-754f-4293-b31b-50202633
837,7dcd3875-5cea-4046-a3a2-7380061d
838,097ce640-d228-4f2d-8f8d-d863ed45
839,1481c1f9-46ef-41f3-bd47-a4737d9d
840,69c434c3-7e08-49e5-a4ac-170473af
841,26125c31-6f14-4c13-a365-930640ea
842,205d62ec-d9fb-4c02-8eb5-4be93726
843,28f4f5bd-84a9-46ef-a8e4-2dc70a70
844,3b2504bf-5059-4ea5-91a2-46e87f70
845,49fdb38b-f174-472d-8f30-5b2aadda
846,5da6b291-b5c6-4721-ab5f-e75cfacd
847,6cb2dbf2-3a9e-4150-8cb8-5b64110d
848,06f192ee-acc8-4279-a595-b906d11e
849,4bd3b385-bfec-4551-9c72-31956a2d
850,7ebc5173-0dd2-4657-aa71-ec9f5b9c
851,91ffd48d-51af-48f1-aa1f-ee2a23e5
852,0455360c-d5ec-40c9-a831-d453afbb
853,22bab41c-0046-4f12-a3e0-d3b40b3a
854,d9eaecaf-0685-4054-a0c0-f169717e
855,dd7f77a4-b913-439c-9abd-2c5f5c32
856,c52decc9-e062-46f8-8ef0-90ba2505
857,d8f92f1c-78cd-460e-a493-345dc92a
858,e80341a5-5151-40c5-9282-c9f8ca02
859,08ff3bdb-c850-48a2-9154-9a96bf82
860,68c0d1fe-1faf-453e-90cb-48be629e
861,9555bc0f-3e71-44be-beca-7fc04c60
862,e3b873a4-b7b3-4d98-bb52-3644c8c5
863,7bbfe78e-d22b-45f6-adaa-0ccca5af
864,cf580222-f98c-4f68-90bc-437e0ddc
865,ecfe122b-d62a-4ca1-bfff-37f2c19a
866,f22a50d8-65f7-4e70-adf6-4271ec2a
867,05b9976c-889d-4425-a164-4b71bde8
868,2242c88f-176b-4d15-8c57-b1d904b2
869,5bb6e74f-1551-4d03-8c8e-82990340
870,06071791-2b70-4947-8893-b6e9bc56
871,07240332-8b12-44c8-91c4-fa089d1e
872,3252bb3f-25d2-4dfa-b5ff-b5c46b1f
873,4a921069-c96c-408c-b1e2-da3b7059
874,74b45bc0-7684-42c8-a025-ff0c83c4
875,946bf0d2-a18c-44c7-87b2-f885e441
876,d496b12d-2555-45e8-9a6c-ea8b75da
877,01d197d3-f8c8-47ef-bc6f-a8468ae5
878,025c0f30-eea2-4ccf-b146-0414ebb2
879,99ac890b-500d-451d-870a-41b5b832
880,bbad6986-fa28-4e6f-a576-2ed947cf
881,a047eed4-1d2b-4a32-8195-e00ce9f6
882,c86b7f2a-f161-4251-8a41-272bef17
883,db61136c-815b-4870-9b6f-a283aab8
884,1554cb5b-6a66-4cd1-946a-f1bfa9d0
885,18c5d954-f354-4231-aa8c-38470f55
886,29940b17-9840-4fba-bbba-4daf5e88
887,8d6dce7e-d38e-406b-8d44-eba2e275
888,75e8f179-6d14-4ffe-8e44-23186461
889,a88227de-d7e5-4c67-850d-4fe42f8a
890,a8e60bf2-c4e9-4024-bc94-a3d09bb0
891,015646ed-5256-4ab2-972f-3b26ade0
892,e4b183b8-51e5-4757-90ca-e2d6236d
893,e5af5c7b-d310-42ee-97c9-58d4a343
894,f888a1b5-877e-400b-a28e-4442ab41
895,270b57e5-3614-4250-9c51-062a4c17
896,57aa5b17-a777-4576-8a64-e2babed1
897,74ba9487-4c20-4110-9434-4aa0b574
898,cecd3686-e46c-4a7d-8699-3465d0df
899,0f29832b-16dc-4ee4-90b7-e9462477
900,5a8e1af3-4ed4-4ec5-a56f-cec53d32
901,c94b8795-2bd0-4aa6-86cb-38c9fa8c
902,49ca3fc1-aa18-4278-85e1-8fc38990
903,647252cd-b3ed-481e-9827-70feb35f
904,6cae480d-eec5-4f26-85ea-a85ae817
905,780d9285-74ab-4f2f-ab83-19846bd5
906,03bd00a6-3fca-4d9e-9113-b7399b51
907,31481319-46d2-41a7-aa90-02068038
908,657f2688-446f-4dab-9bb8-764b831c
909,4daa68dd-9885-43a6-9358-860e710b
910,7e5a328a-6e40-4bc6-b873-a6efc9a3
911,a02f26fc-3921-48e7-b398-dcfca590
912,e7db4346-4783-4469-a3cb-349610a7
913,2b3f51c0-d7e0-46ee-85da-6ffc4ab8
914,6102597e-c3b7-4283-8780-15f28ab0
915,69ad6c09-13da-4573-9e99-5ee91677
916,87f78ff2-4d0c-4c99-9d05-32e43d7d
917,1e3e66aa-6dfb-4745-b7b1-d3c708f4
918,3b278e81-4de0-4546-bf05-00e3d26f
919,f58550c8-f319-407d-a9a9-967aa1a6
920,5155baea-7506-435d-9db3-75511f5a
921,cb12477d-5699-44c6-a599-17d19e19
922,ecba59e1-2a32-44ed-a682-03619fd7
923,5292d45e-cb5e-41f9-833c-ecfbed17
924,a0fcdf1c-5530-4256-893f-63edb656
925,ed9107cb-772b-4b96-ab70-d56a1aab
926,0797c429-058e-4632-ae76-0b127b9f
927,4145ad40-00b5-4132-8237-94232fbf
928,b3043de4-688b-47f2-90b5-b92a5eca
929,12bced73-3a22-4e80-a3cb-4eeaba88
930,9dde1d41-4106-4a27-aff2-1d51fd37
931,e3940c33-b4e7-40e7-8fac-c9dc2980
932,edd83280-f303-440e-9266-20a64260
933,2b0f497a-fb77-4ca7-a96a-789fcfb8
934,ed4cddd6-745c-44fb-929e-06a432cc
935,fcab0c93-f665-49d3-8fd5-4300406f
936,715384e3-c31c-4d39-b375-24a824ee
937,8cddd1ad-344f-42e9-a3ed-91afdceb
938,a87cf09b-4070-48a9-a2eb-7f5ed8fa
939,dffcecf5-6011-4827-8833-09fea3a0
940,0381d8c0-60d9-4d00-adfb-a85b326d
941,2484f909-c490-47e0-9f2a-62aeba3f
942,91e55d43-fc89-4c75-a35b-085b8745
943,e2ea2509-b0bf-425d-986a-69e401ce
944,a0069e72-e087-4620-a667-502f664c
945,bac46b3c-f7a8-43f1-a07c-0d14eccd
946,dc4a320c-c605-4113-94b0-377604fd
947,253ca3e9-a959-451f-9a07-7a5a3f88
948,3c872264-88fa-4cec-a957-e85594d1
949,83524fe5-f932-4933-83ca-efaa5530
950,8b6ded4a-40ed-4602-8654-f83e1b89
951,3f92b1db-0706-4ce1-a8f4-6557bad3
952,aadacc8a-7187-4fb1-9b56-21d5739a
953,caf67b71-6793-45ef-a9e5-537a2321
954,71f26a3b-1545-42af-891a-74d156e5
955,89ba5ac0-8c20-4508-9e2b-8806f4fe
956,8f4b931c-371b-42c3-aa55-a4bbfd9f
957,b393d558-47a5-4725-bcd5-462976bb
958,6abc3c04-0663-4c05-b733-5a036f85
959,f3f6cc4b-d2a5-43f7-b45e-75fa1e0a
960,f48be124-6bc8-40fb-befb-c3cb7bf6
961,f78e90cc-5823-4786-a9a5-a08bee81
962,3ab73ef6-ba7d-40c1-9bae-c01f225f
963,75c2f773-29bd-4663-8ae8-45436bcb
964,ebe23f53-b763-4265-8819-dc97fbbe
965,0b7810c2-6a8e-455a-9824-3e502c59
966,2e9429d6-7eb6-4f62-8eee-0ae3381c
967,63a8b3c7-59dd-4940-a511-e371ca72
968,caf02f65-a076-471e-a898-ab72edb1
969,39756ddb-c671-426a-8981-41c9d405
970,6e80eab3-8076-4c6c-b6d7-760ae523
971,8537d928-a7e4-45c3-9a4a-c2e3abf5
972,052789ae-ec53-4d49-8af6-6204bd70
973,424f8426-6225-4590-ae04-de1b7064
974,9a912069-7e56-4ad0-a8ac-30287ae3
975,dc29f9e6-1059-408b-b316-7812550f
976,21e15575-5302-4b77-8a45-b59a973d
977,40610eb5-68f5-4c64-9748-f4ef9145
978,50a77331-ff66-49cf-b4b4-8649d66d
979,d89a799f-4ef9-4086-87e1-0e51f51d
980,02529501-5945-4d16-840f-81f79cb5
981,02db3664-bfa1-4bab-8554-7c805994
982,8f35c5ca-8cbd-443e-99a8-9e68f1e1
983,532b91c4-374b-4a16-886a-6989764f
984,5c4c3f0b-1bb9-46ad-b092-3e056910
985,c7c4652c-ddb1-4d5d-bf1d-c3853c34
986,ce0ec9dc-07f9-4246-903c-64802291
987,5060ea36-a41a-4d9b-952f-da5e9edf
988,8903c5c8-8a04-46b4-89c1-efb74c87
989,f9579626-9f28-4df1-8ec7-8d965507
990,30ab24cb-f89c-4f55-a6d6-b3edb18b
991,34878b42-05ff-4ce1-a2f1-a0c1dbcf
992,3b4277a0-3cc5-4205-947a-13d4e429
993,6411264d-f8c2-4502-a2f5-1dbc4eb5
994,48f20676-b7ca-4166-bf7f-05b766bb
995,5edd1bce-a12c-401f-a339-43a93187
996,f0ae4585-b35f-49b9-b0f9-c8b3b8ef
997,9cbfa00c-50ab-4655-9818-a5ce9fd2
998,e92ae5f0-175f-4ec9-839c-f8a2cfda
999,1f5104ea-e938-4948-941c-019e8386
1000,8eed04a4-548c-455f-9abc-950d2d52
1001,95653887-f987-44fa-b703-aef460c3
1002,f921290f-5274-4e1c-ad26-c6dc3886
1003,0bc2d074-64dc-4deb-b86a-d90fb003
